"ID","SPECIES","x","y","dbh"
10001,ro,3.91,17.84,42.2
10008,rm,2.95,3.52,32.8
10040,ro,6.98,1.6,39.7
10045,ro,12.86,6.4,63
10047,ro,11.26,7.51,31.9
10048,bg,12.66,7.8,14.8
10049,rm,12.56,9.88,13.9
10054,sh,21.51,19.54,14.7
10057,ro,17.02,13.55,39.7
10059,sm,17.05,10.04,6.3
10060,sm,17.32,12.25,8.2
10068,bg,21.52,2.37,10.5
10072,bb,13.56,1.03,17.8
10073,bg,13.84,3.24,14.5
10074,bg,10.67,2.7,13.8
10088,bb,11.92,15.36,22.1
10098,rm,9.35,16.55,9.1
10104,bg,3.0,1.53,11.6
10105,bg,10.25,10.72,10.4
10106,bg,4.26,18.91,8.3
10108,bg,3.58,8.05,9.7
10109,bg,11.45,9.13,5
10110,bg,11.86,12.57,5.8
10111,bg,3.55,11.84,7.6
10112,rm,8.38,13.63,5.6
10114,bg,9.63,2.55,3.5
10116,bg,12.86,14.5,4.5
10117,rm,12.66,9.62,3.6
20001,ro,25.91,17.84,42.2
20008,rm,24.95,3.52,32.8
20040,ro,28.98,1.6,39.7
20045,ro,34.86,6.4,63
20047,ro,33.26,7.51,31.9
20048,bg,34.66,7.8,14.8
20049,rm,34.56,9.88,13.9
20054,sh,43.51,19.54,14.7
20057,ro,39.02,13.55,39.7
20059,sm,39.05,10.04,6.3
20060,sm,39.32,12.25,8.2
20068,bg,43.52,2.37,10.5
20072,bb,35.56,1.03,17.8
20073,bg,35.84,3.24,14.5
20074,bg,32.67,2.7,13.8
20088,bb,33.92,15.36,22.1
20098,rm,31.35,16.55,9.1
20104,bg,25.0,1.53,11.6
20105,bg,32.25,10.72,10.4
20106,bg,26.26,18.91,8.3
20108,bg,25.58,8.05,9.7
20109,bg,33.45,9.13,5
20110,bg,33.86,12.57,5.8
20111,bg,25.55,11.84,7.6
20112,rm,30.38,13.63,5.6
20114,bg,31.63,2.55,3.5
20116,bg,34.86,14.5,4.5
20117,rm,34.66,9.62,3.6
30001,ro,47.91,17.84,42.2
30008,rm,46.95,3.52,32.8
30040,ro,50.98,1.6,39.7
30045,ro,56.86,6.4,63
30047,ro,55.26,7.51,31.9
30048,bg,56.66,7.8,14.8
30049,rm,56.56,9.88,13.9
30054,sh,65.51,19.54,14.7
30057,ro,61.02,13.55,39.7
30059,sm,61.05,10.04,6.3
30060,sm,61.32,12.25,8.2
30068,bg,65.52,2.37,10.5
30072,bb,57.56,1.03,17.8
30073,bg,57.84,3.24,14.5
30074,bg,54.67,2.7,13.8
30088,bb,55.92,15.36,22.1
30098,rm,53.35,16.55,9.1
30104,bg,47.0,1.53,11.6
30105,bg,54.25,10.72,10.4
30106,bg,48.26,18.91,8.3
30108,bg,47.58,8.05,9.7
30109,bg,55.45,9.13,5
30110,bg,55.86,12.57,5.8
30111,bg,47.55,11.84,7.6
30112,rm,52.38,13.63,5.6
30114,bg,53.63,2.55,3.5
30116,bg,56.86,14.5,4.5
30117,rm,56.66,9.62,3.6
40001,ro,69.91,17.84,42.2
40008,rm,68.95,3.52,32.8
40040,ro,72.98,1.6,39.7
40045,ro,78.86,6.4,63
40047,ro,77.26,7.51,31.9
40048,bg,78.66,7.8,14.8
40049,rm,78.56,9.88,13.9
40054,sh,87.51,19.54,14.7
40057,ro,83.02,13.55,39.7
40059,sm,83.05,10.04,6.3
40060,sm,83.32,12.25,8.2
40068,bg,87.52,2.37,10.5
40072,bb,79.56,1.03,17.8
40073,bg,79.84,3.24,14.5
40074,bg,76.67,2.7,13.8
40088,bb,77.92,15.36,22.1
40098,rm,75.35,16.55,9.1
40104,bg,69.0,1.53,11.6
40105,bg,76.25,10.72,10.4
40106,bg,70.26,18.91,8.3
40108,bg,69.58,8.05,9.7
40109,bg,77.45,9.13,5
40110,bg,77.86,12.57,5.8
40111,bg,69.55,11.84,7.6
40112,rm,74.38,13.63,5.6
40114,bg,75.63,2.55,3.5
40116,bg,78.86,14.5,4.5
40117,rm,78.66,9.62,3.6
50001,ro,91.91,17.84,42.2
50008,rm,90.95,3.52,32.8
50040,ro,94.98,1.6,39.7
50045,ro,100.86,6.4,63
50047,ro,99.26,7.51,31.9
50048,bg,100.66,7.8,14.8
50049,rm,100.56,9.88,13.9
50054,sh,109.51,19.54,14.7
50057,ro,105.02,13.55,39.7
50059,sm,105.05,10.04,6.3
50060,sm,105.32,12.25,8.2
50068,bg,109.52,2.37,10.5
50072,bb,101.56,1.03,17.8
50073,bg,101.84,3.24,14.5
50074,bg,98.67,2.7,13.8
50088,bb,99.92,15.36,22.1
50098,rm,97.35,16.55,9.1
50104,bg,91.0,1.53,11.6
50105,bg,98.25,10.72,10.4
50106,bg,92.26,18.91,8.3
50108,bg,91.58,8.05,9.7
50109,bg,99.45,9.13,5
50110,bg,99.86,12.57,5.8
50111,bg,91.55,11.84,7.6
50112,rm,96.38,13.63,5.6
50114,bg,97.63,2.55,3.5
50116,bg,100.86,14.5,4.5
50117,rm,100.66,9.62,3.6
60001,ro,113.91,17.84,42.2
60008,rm,112.95,3.52,32.8
60040,ro,116.98,1.6,39.7
60045,ro,122.86,6.4,63
60047,ro,121.26,7.51,31.9
60048,bg,122.66,7.8,14.8
60049,rm,122.56,9.88,13.9
60054,sh,131.51,19.54,14.7
60057,ro,127.02,13.55,39.7
60059,sm,127.05,10.04,6.3
60060,sm,127.32,12.25,8.2
60068,bg,131.52,2.37,10.5
60072,bb,123.56,1.03,17.8
60073,bg,123.84,3.24,14.5
60074,bg,120.67,2.7,13.8
60088,bb,121.92,15.36,22.1
60098,rm,119.35,16.55,9.1
60104,bg,113.0,1.53,11.6
60105,bg,120.25,10.72,10.4
60106,bg,114.26,18.91,8.3
60108,bg,113.58,8.05,9.7
60109,bg,121.45,9.13,5
60110,bg,121.86,12.57,5.8
60111,bg,113.55,11.84,7.6
60112,rm,118.38,13.63,5.6
60114,bg,119.63,2.55,3.5
60116,bg,122.86,14.5,4.5
60117,rm,122.66,9.62,3.6
70001,ro,135.91,17.84,42.2
70008,rm,134.95,3.52,32.8
70040,ro,138.98,1.6,39.7
70045,ro,144.86,6.4,63
70047,ro,143.26,7.51,31.9
70048,bg,144.66,7.8,14.8
70049,rm,144.56,9.88,13.9
70054,sh,153.51,19.54,14.7
70057,ro,149.02,13.55,39.7
70059,sm,149.05,10.04,6.3
70060,sm,149.32,12.25,8.2
70068,bg,153.52,2.37,10.5
70072,bb,145.56,1.03,17.8
70073,bg,145.84,3.24,14.5
70074,bg,142.67,2.7,13.8
70088,bb,143.92,15.36,22.1
70098,rm,141.35,16.55,9.1
70104,bg,135.0,1.53,11.6
70105,bg,142.25,10.72,10.4
70106,bg,136.26,18.91,8.3
70108,bg,135.58,8.05,9.7
70109,bg,143.45,9.13,5
70110,bg,143.86,12.57,5.8
70111,bg,135.55,11.84,7.6
70112,rm,140.38,13.63,5.6
70114,bg,141.63,2.55,3.5
70116,bg,144.86,14.5,4.5
70117,rm,144.66,9.62,3.6
80001,ro,157.91,17.84,42.2
80008,rm,156.95,3.52,32.8
80040,ro,160.98,1.6,39.7
80045,ro,166.86,6.4,63
80047,ro,165.26,7.51,31.9
80048,bg,166.66,7.8,14.8
80049,rm,166.56,9.88,13.9
80054,sh,175.51,19.54,14.7
80057,ro,171.02,13.55,39.7
80059,sm,171.05,10.04,6.3
80060,sm,171.32,12.25,8.2
80068,bg,175.52,2.37,10.5
80072,bb,167.56,1.03,17.8
80073,bg,167.84,3.24,14.5
80074,bg,164.67,2.7,13.8
80088,bb,165.92,15.36,22.1
80098,rm,163.35,16.55,9.1
80104,bg,157.0,1.53,11.6
80105,bg,164.25,10.72,10.4
80106,bg,158.26,18.91,8.3
80108,bg,157.58,8.05,9.7
80109,bg,165.45,9.13,5
80110,bg,165.86,12.57,5.8
80111,bg,157.55,11.84,7.6
80112,rm,162.38,13.63,5.6
80114,bg,163.63,2.55,3.5
80116,bg,166.86,14.5,4.5
80117,rm,166.66,9.62,3.6
90001,ro,179.91,17.84,42.2
90008,rm,178.95,3.52,32.8
90040,ro,182.98,1.6,39.7
90045,ro,188.86,6.4,63
90047,ro,187.26,7.51,31.9
90048,bg,188.66,7.8,14.8
90049,rm,188.56,9.88,13.9
90054,sh,197.51,19.54,14.7
90057,ro,193.02,13.55,39.7
90059,sm,193.05,10.04,6.3
90060,sm,193.32,12.25,8.2
90068,bg,197.52,2.37,10.5
90072,bb,189.56,1.03,17.8
90073,bg,189.84,3.24,14.5
90074,bg,186.67,2.7,13.8
90088,bb,187.92,15.36,22.1
90098,rm,185.35,16.55,9.1
90104,bg,179.0,1.53,11.6
90105,bg,186.25,10.72,10.4
90106,bg,180.26,18.91,8.3
90108,bg,179.58,8.05,9.7
90109,bg,187.45,9.13,5
90110,bg,187.86,12.57,5.8
90111,bg,179.55,11.84,7.6
90112,rm,184.38,13.63,5.6
90114,bg,185.63,2.55,3.5
90116,bg,188.86,14.5,4.5
90117,rm,188.66,9.62,3.6
100001,ro,3.91,39.84,42.2
100008,rm,2.95,25.52,32.8
100040,ro,6.98,23.6,39.7
100045,ro,12.86,28.4,63
100047,ro,11.26,29.51,31.9
100048,bg,12.66,29.8,14.8
100049,rm,12.56,31.88,13.9
100054,sh,21.51,41.54,14.7
100057,ro,17.02,35.55,39.7
100059,sm,17.05,32.04,6.3
100060,sm,17.32,34.25,8.2
100068,bg,21.52,24.37,10.5
100072,bb,13.56,23.03,17.8
100073,bg,13.84,25.24,14.5
100074,bg,10.67,24.7,13.8
100088,bb,11.92,37.36,22.1
100098,rm,9.35,38.55,9.1
100104,bg,3.0,23.53,11.6
100105,bg,10.25,32.72,10.4
100106,bg,4.26,40.91,8.3
100108,bg,3.58,30.05,9.7
100109,bg,11.45,31.13,5
100110,bg,11.86,34.57,5.8
100111,bg,3.55,33.84,7.6
100112,rm,8.38,35.63,5.6
100114,bg,9.63,24.55,3.5
100116,bg,12.86,36.5,4.5
100117,rm,12.66,31.62,3.6
110001,ro,25.91,39.84,42.2
110008,rm,24.95,25.52,32.8
110040,ro,28.98,23.6,39.7
110045,ro,34.86,28.4,63
110047,ro,33.26,29.51,31.9
110048,bg,34.66,29.8,14.8
110049,rm,34.56,31.88,13.9
110054,sh,43.51,41.54,14.7
110057,ro,39.02,35.55,39.7
110059,sm,39.05,32.04,6.3
110060,sm,39.32,34.25,8.2
110068,bg,43.52,24.37,10.5
110072,bb,35.56,23.03,17.8
110073,bg,35.84,25.24,14.5
110074,bg,32.67,24.7,13.8
110088,bb,33.92,37.36,22.1
110098,rm,31.35,38.55,9.1
110104,bg,25.0,23.53,11.6
110105,bg,32.25,32.72,10.4
110106,bg,26.26,40.91,8.3
110108,bg,25.58,30.05,9.7
110109,bg,33.45,31.13,5
110110,bg,33.86,34.57,5.8
110111,bg,25.55,33.84,7.6
110112,rm,30.38,35.63,5.6
110114,bg,31.63,24.55,3.5
110116,bg,34.86,36.5,4.5
110117,rm,34.66,31.62,3.6
120001,ro,47.91,39.84,42.2
120008,rm,46.95,25.52,32.8
120040,ro,50.98,23.6,39.7
120045,ro,56.86,28.4,63
120047,ro,55.26,29.51,31.9
120048,bg,56.66,29.8,14.8
120049,rm,56.56,31.88,13.9
120054,sh,65.51,41.54,14.7
120057,ro,61.02,35.55,39.7
120059,sm,61.05,32.04,6.3
120060,sm,61.32,34.25,8.2
120068,bg,65.52,24.37,10.5
120072,bb,57.56,23.03,17.8
120073,bg,57.84,25.24,14.5
120074,bg,54.67,24.7,13.8
120088,bb,55.92,37.36,22.1
120098,rm,53.35,38.55,9.1
120104,bg,47.0,23.53,11.6
120105,bg,54.25,32.72,10.4
120106,bg,48.26,40.91,8.3
120108,bg,47.58,30.05,9.7
120109,bg,55.45,31.13,5
120110,bg,55.86,34.57,5.8
120111,bg,47.55,33.84,7.6
120112,rm,52.38,35.63,5.6
120114,bg,53.63,24.55,3.5
120116,bg,56.86,36.5,4.5
120117,rm,56.66,31.62,3.6
130001,ro,69.91,39.84,42.2
130008,rm,68.95,25.52,32.8
130040,ro,72.98,23.6,39.7
130045,ro,78.86,28.4,63
130047,ro,77.26,29.51,31.9
130048,bg,78.66,29.8,14.8
130049,rm,78.56,31.88,13.9
130054,sh,87.51,41.54,14.7
130057,ro,83.02,35.55,39.7
130059,sm,83.05,32.04,6.3
130060,sm,83.32,34.25,8.2
130068,bg,87.52,24.37,10.5
130072,bb,79.56,23.03,17.8
130073,bg,79.84,25.24,14.5
130074,bg,76.67,24.7,13.8
130088,bb,77.92,37.36,22.1
130098,rm,75.35,38.55,9.1
130104,bg,69.0,23.53,11.6
130105,bg,76.25,32.72,10.4
130106,bg,70.26,40.91,8.3
130108,bg,69.58,30.05,9.7
130109,bg,77.45,31.13,5
130110,bg,77.86,34.57,5.8
130111,bg,69.55,33.84,7.6
130112,rm,74.38,35.63,5.6
130114,bg,75.63,24.55,3.5
130116,bg,78.86,36.5,4.5
130117,rm,78.66,31.62,3.6
140001,ro,91.91,39.84,42.2
140008,rm,90.95,25.52,32.8
140040,ro,94.98,23.6,39.7
140045,ro,100.86,28.4,63
140047,ro,99.26,29.51,31.9
140048,bg,100.66,29.8,14.8
140049,rm,100.56,31.88,13.9
140054,sh,109.51,41.54,14.7
140057,ro,105.02,35.55,39.7
140059,sm,105.05,32.04,6.3
140060,sm,105.32,34.25,8.2
140068,bg,109.52,24.37,10.5
140072,bb,101.56,23.03,17.8
140073,bg,101.84,25.24,14.5
140074,bg,98.67,24.7,13.8
140088,bb,99.92,37.36,22.1
140098,rm,97.35,38.55,9.1
140104,bg,91.0,23.53,11.6
140105,bg,98.25,32.72,10.4
140106,bg,92.26,40.91,8.3
140108,bg,91.58,30.05,9.7
140109,bg,99.45,31.13,5
140110,bg,99.86,34.57,5.8
140111,bg,91.55,33.84,7.6
140112,rm,96.38,35.63,5.6
140114,bg,97.63,24.55,3.5
140116,bg,100.86,36.5,4.5
140117,rm,100.66,31.62,3.6
150001,ro,113.91,39.84,42.2
150008,rm,112.95,25.52,32.8
150040,ro,116.98,23.6,39.7
150045,ro,122.86,28.4,63
150047,ro,121.26,29.51,31.9
150048,bg,122.66,29.8,14.8
150049,rm,122.56,31.88,13.9
150054,sh,131.51,41.54,14.7
150057,ro,127.02,35.55,39.7
150059,sm,127.05,32.04,6.3
150060,sm,127.32,34.25,8.2
150068,bg,131.52,24.37,10.5
150072,bb,123.56,23.03,17.8
150073,bg,123.84,25.24,14.5
150074,bg,120.67,24.7,13.8
150088,bb,121.92,37.36,22.1
150098,rm,119.35,38.55,9.1
150104,bg,113.0,23.53,11.6
150105,bg,120.25,32.72,10.4
150106,bg,114.26,40.91,8.3
150108,bg,113.58,30.05,9.7
150109,bg,121.45,31.13,5
150110,bg,121.86,34.57,5.8
150111,bg,113.55,33.84,7.6
150112,rm,118.38,35.63,5.6
150114,bg,119.63,24.55,3.5
150116,bg,122.86,36.5,4.5
150117,rm,122.66,31.62,3.6
160001,ro,135.91,39.84,42.2
160008,rm,134.95,25.52,32.8
160040,ro,138.98,23.6,39.7
160045,ro,144.86,28.4,63
160047,ro,143.26,29.51,31.9
160048,bg,144.66,29.8,14.8
160049,rm,144.56,31.88,13.9
160054,sh,153.51,41.54,14.7
160057,ro,149.02,35.55,39.7
160059,sm,149.05,32.04,6.3
160060,sm,149.32,34.25,8.2
160068,bg,153.52,24.37,10.5
160072,bb,145.56,23.03,17.8
160073,bg,145.84,25.24,14.5
160074,bg,142.67,24.7,13.8
160088,bb,143.92,37.36,22.1
160098,rm,141.35,38.55,9.1
160104,bg,135.0,23.53,11.6
160105,bg,142.25,32.72,10.4
160106,bg,136.26,40.91,8.3
160108,bg,135.58,30.05,9.7
160109,bg,143.45,31.13,5
160110,bg,143.86,34.57,5.8
160111,bg,135.55,33.84,7.6
160112,rm,140.38,35.63,5.6
160114,bg,141.63,24.55,3.5
160116,bg,144.86,36.5,4.5
160117,rm,144.66,31.62,3.6
170001,ro,157.91,39.84,42.2
170008,rm,156.95,25.52,32.8
170040,ro,160.98,23.6,39.7
170045,ro,166.86,28.4,63
170047,ro,165.26,29.51,31.9
170048,bg,166.66,29.8,14.8
170049,rm,166.56,31.88,13.9
170054,sh,175.51,41.54,14.7
170057,ro,171.02,35.55,39.7
170059,sm,171.05,32.04,6.3
170060,sm,171.32,34.25,8.2
170068,bg,175.52,24.37,10.5
170072,bb,167.56,23.03,17.8
170073,bg,167.84,25.24,14.5
170074,bg,164.67,24.7,13.8
170088,bb,165.92,37.36,22.1
170098,rm,163.35,38.55,9.1
170104,bg,157.0,23.53,11.6
170105,bg,164.25,32.72,10.4
170106,bg,158.26,40.91,8.3
170108,bg,157.58,30.05,9.7
170109,bg,165.45,31.13,5
170110,bg,165.86,34.57,5.8
170111,bg,157.55,33.84,7.6
170112,rm,162.38,35.63,5.6
170114,bg,163.63,24.55,3.5
170116,bg,166.86,36.5,4.5
170117,rm,166.66,31.62,3.6
180001,ro,179.91,39.84,42.2
180008,rm,178.95,25.52,32.8
180040,ro,182.98,23.6,39.7
180045,ro,188.86,28.4,63
180047,ro,187.26,29.51,31.9
180048,bg,188.66,29.8,14.8
180049,rm,188.56,31.88,13.9
180054,sh,197.51,41.54,14.7
180057,ro,193.02,35.55,39.7
180059,sm,193.05,32.04,6.3
180060,sm,193.32,34.25,8.2
180068,bg,197.52,24.37,10.5
180072,bb,189.56,23.03,17.8
180073,bg,189.84,25.24,14.5
180074,bg,186.67,24.7,13.8
180088,bb,187.92,37.36,22.1
180098,rm,185.35,38.55,9.1
180104,bg,179.0,23.53,11.6
180105,bg,186.25,32.72,10.4
180106,bg,180.26,40.91,8.3
180108,bg,179.58,30.05,9.7
180109,bg,187.45,31.13,5
180110,bg,187.86,34.57,5.8
180111,bg,179.55,33.84,7.6
180112,rm,184.38,35.63,5.6
180114,bg,185.63,24.55,3.5
180116,bg,188.86,36.5,4.5
180117,rm,188.66,31.62,3.6
190001,ro,3.91,61.84,42.2
190008,rm,2.95,47.52,32.8
190040,ro,6.98,45.6,39.7
190045,ro,12.86,50.4,63
190047,ro,11.26,51.51,31.9
190048,bg,12.66,51.8,14.8
190049,rm,12.56,53.88,13.9
190054,sh,21.51,63.54,14.7
190057,ro,17.02,57.55,39.7
190059,sm,17.05,54.04,6.3
190060,sm,17.32,56.25,8.2
190068,bg,21.52,46.37,10.5
190072,bb,13.56,45.03,17.8
190073,bg,13.84,47.24,14.5
190074,bg,10.67,46.7,13.8
190088,bb,11.92,59.36,22.1
190098,rm,9.35,60.55,9.1
190104,bg,3.0,45.53,11.6
190105,bg,10.25,54.72,10.4
190106,bg,4.26,62.91,8.3
190108,bg,3.58,52.05,9.7
190109,bg,11.45,53.13,5
190110,bg,11.86,56.57,5.8
190111,bg,3.55,55.84,7.6
190112,rm,8.38,57.63,5.6
190114,bg,9.63,46.55,3.5
190116,bg,12.86,58.5,4.5
190117,rm,12.66,53.62,3.6
200001,ro,25.91,61.84,42.2
200008,rm,24.95,47.52,32.8
200040,ro,28.98,45.6,39.7
200045,ro,34.86,50.4,63
200047,ro,33.26,51.51,31.9
200048,bg,34.66,51.8,14.8
200049,rm,34.56,53.88,13.9
200054,sh,43.51,63.54,14.7
200057,ro,39.02,57.55,39.7
200059,sm,39.05,54.04,6.3
200060,sm,39.32,56.25,8.2
200068,bg,43.52,46.37,10.5
200072,bb,35.56,45.03,17.8
200073,bg,35.84,47.24,14.5
200074,bg,32.67,46.7,13.8
200088,bb,33.92,59.36,22.1
200098,rm,31.35,60.55,9.1
200104,bg,25.0,45.53,11.6
200105,bg,32.25,54.72,10.4
200106,bg,26.26,62.91,8.3
200108,bg,25.58,52.05,9.7
200109,bg,33.45,53.13,5
200110,bg,33.86,56.57,5.8
200111,bg,25.55,55.84,7.6
200112,rm,30.38,57.63,5.6
200114,bg,31.63,46.55,3.5
200116,bg,34.86,58.5,4.5
200117,rm,34.66,53.62,3.6
210001,ro,47.91,61.84,42.2
210008,rm,46.95,47.52,32.8
210040,ro,50.98,45.6,39.7
210045,ro,56.86,50.4,63
210047,ro,55.26,51.51,31.9
210048,bg,56.66,51.8,14.8
210049,rm,56.56,53.88,13.9
210054,sh,65.51,63.54,14.7
210057,ro,61.02,57.55,39.7
210059,sm,61.05,54.04,6.3
210060,sm,61.32,56.25,8.2
210068,bg,65.52,46.37,10.5
210072,bb,57.56,45.03,17.8
210073,bg,57.84,47.24,14.5
210074,bg,54.67,46.7,13.8
210088,bb,55.92,59.36,22.1
210098,rm,53.35,60.55,9.1
210104,bg,47.0,45.53,11.6
210105,bg,54.25,54.72,10.4
210106,bg,48.26,62.91,8.3
210108,bg,47.58,52.05,9.7
210109,bg,55.45,53.13,5
210110,bg,55.86,56.57,5.8
210111,bg,47.55,55.84,7.6
210112,rm,52.38,57.63,5.6
210114,bg,53.63,46.55,3.5
210116,bg,56.86,58.5,4.5
210117,rm,56.66,53.62,3.6
220001,ro,69.91,61.84,42.2
220008,rm,68.95,47.52,32.8
220040,ro,72.98,45.6,39.7
220045,ro,78.86,50.4,63
220047,ro,77.26,51.51,31.9
220048,bg,78.66,51.8,14.8
220049,rm,78.56,53.88,13.9
220054,sh,87.51,63.54,14.7
220057,ro,83.02,57.55,39.7
220059,sm,83.05,54.04,6.3
220060,sm,83.32,56.25,8.2
220068,bg,87.52,46.37,10.5
220072,bb,79.56,45.03,17.8
220073,bg,79.84,47.24,14.5
220074,bg,76.67,46.7,13.8
220088,bb,77.92,59.36,22.1
220098,rm,75.35,60.55,9.1
220104,bg,69.0,45.53,11.6
220105,bg,76.25,54.72,10.4
220106,bg,70.26,62.91,8.3
220108,bg,69.58,52.05,9.7
220109,bg,77.45,53.13,5
220110,bg,77.86,56.57,5.8
220111,bg,69.55,55.84,7.6
220112,rm,74.38,57.63,5.6
220114,bg,75.63,46.55,3.5
220116,bg,78.86,58.5,4.5
220117,rm,78.66,53.62,3.6
230001,ro,91.91,61.84,42.2
230008,rm,90.95,47.52,32.8
230040,ro,94.98,45.6,39.7
230045,ro,100.86,50.4,63
230047,ro,99.26,51.51,31.9
230048,bg,100.66,51.8,14.8
230049,rm,100.56,53.88,13.9
230054,sh,109.51,63.54,14.7
230057,ro,105.02,57.55,39.7
230059,sm,105.05,54.04,6.3
230060,sm,105.32,56.25,8.2
230068,bg,109.52,46.37,10.5
230072,bb,101.56,45.03,17.8
230073,bg,101.84,47.24,14.5
230074,bg,98.67,46.7,13.8
230088,bb,99.92,59.36,22.1
230098,rm,97.35,60.55,9.1
230104,bg,91.0,45.53,11.6
230105,bg,98.25,54.72,10.4
230106,bg,92.26,62.91,8.3
230108,bg,91.58,52.05,9.7
230109,bg,99.45,53.13,5
230110,bg,99.86,56.57,5.8
230111,bg,91.55,55.84,7.6
230112,rm,96.38,57.63,5.6
230114,bg,97.63,46.55,3.5
230116,bg,100.86,58.5,4.5
230117,rm,100.66,53.62,3.6
240001,ro,113.91,61.84,42.2
240008,rm,112.95,47.52,32.8
240040,ro,116.98,45.6,39.7
240045,ro,122.86,50.4,63
240047,ro,121.26,51.51,31.9
240048,bg,122.66,51.8,14.8
240049,rm,122.56,53.88,13.9
240054,sh,131.51,63.54,14.7
240057,ro,127.02,57.55,39.7
240059,sm,127.05,54.04,6.3
240060,sm,127.32,56.25,8.2
240068,bg,131.52,46.37,10.5
240072,bb,123.56,45.03,17.8
240073,bg,123.84,47.24,14.5
240074,bg,120.67,46.7,13.8
240088,bb,121.92,59.36,22.1
240098,rm,119.35,60.55,9.1
240104,bg,113.0,45.53,11.6
240105,bg,120.25,54.72,10.4
240106,bg,114.26,62.91,8.3
240108,bg,113.58,52.05,9.7
240109,bg,121.45,53.13,5
240110,bg,121.86,56.57,5.8
240111,bg,113.55,55.84,7.6
240112,rm,118.38,57.63,5.6
240114,bg,119.63,46.55,3.5
240116,bg,122.86,58.5,4.5
240117,rm,122.66,53.62,3.6
250001,ro,135.91,61.84,42.2
250008,rm,134.95,47.52,32.8
250040,ro,138.98,45.6,39.7
250045,ro,144.86,50.4,63
250047,ro,143.26,51.51,31.9
250048,bg,144.66,51.8,14.8
250049,rm,144.56,53.88,13.9
250054,sh,153.51,63.54,14.7
250057,ro,149.02,57.55,39.7
250059,sm,149.05,54.04,6.3
250060,sm,149.32,56.25,8.2
250068,bg,153.52,46.37,10.5
250072,bb,145.56,45.03,17.8
250073,bg,145.84,47.24,14.5
250074,bg,142.67,46.7,13.8
250088,bb,143.92,59.36,22.1
250098,rm,141.35,60.55,9.1
250104,bg,135.0,45.53,11.6
250105,bg,142.25,54.72,10.4
250106,bg,136.26,62.91,8.3
250108,bg,135.58,52.05,9.7
250109,bg,143.45,53.13,5
250110,bg,143.86,56.57,5.8
250111,bg,135.55,55.84,7.6
250112,rm,140.38,57.63,5.6
250114,bg,141.63,46.55,3.5
250116,bg,144.86,58.5,4.5
250117,rm,144.66,53.62,3.6
260001,ro,157.91,61.84,42.2
260008,rm,156.95,47.52,32.8
260040,ro,160.98,45.6,39.7
260045,ro,166.86,50.4,63
260047,ro,165.26,51.51,31.9
260048,bg,166.66,51.8,14.8
260049,rm,166.56,53.88,13.9
260054,sh,175.51,63.54,14.7
260057,ro,171.02,57.55,39.7
260059,sm,171.05,54.04,6.3
260060,sm,171.32,56.25,8.2
260068,bg,175.52,46.37,10.5
260072,bb,167.56,45.03,17.8
260073,bg,167.84,47.24,14.5
260074,bg,164.67,46.7,13.8
260088,bb,165.92,59.36,22.1
260098,rm,163.35,60.55,9.1
260104,bg,157.0,45.53,11.6
260105,bg,164.25,54.72,10.4
260106,bg,158.26,62.91,8.3
260108,bg,157.58,52.05,9.7
260109,bg,165.45,53.13,5
260110,bg,165.86,56.57,5.8
260111,bg,157.55,55.84,7.6
260112,rm,162.38,57.63,5.6
260114,bg,163.63,46.55,3.5
260116,bg,166.86,58.5,4.5
260117,rm,166.66,53.62,3.6
270001,ro,179.91,61.84,42.2
270008,rm,178.95,47.52,32.8
270040,ro,182.98,45.6,39.7
270045,ro,188.86,50.4,63
270047,ro,187.26,51.51,31.9
270048,bg,188.66,51.8,14.8
270049,rm,188.56,53.88,13.9
270054,sh,197.51,63.54,14.7
270057,ro,193.02,57.55,39.7
270059,sm,193.05,54.04,6.3
270060,sm,193.32,56.25,8.2
270068,bg,197.52,46.37,10.5
270072,bb,189.56,45.03,17.8
270073,bg,189.84,47.24,14.5
270074,bg,186.67,46.7,13.8
270088,bb,187.92,59.36,22.1
270098,rm,185.35,60.55,9.1
270104,bg,179.0,45.53,11.6
270105,bg,186.25,54.72,10.4
270106,bg,180.26,62.91,8.3
270108,bg,179.58,52.05,9.7
270109,bg,187.45,53.13,5
270110,bg,187.86,56.57,5.8
270111,bg,179.55,55.84,7.6
270112,rm,184.38,57.63,5.6
270114,bg,185.63,46.55,3.5
270116,bg,188.86,58.5,4.5
270117,rm,188.66,53.62,3.6
280001,ro,3.91,83.84,42.2
280008,rm,2.95,69.52,32.8
280040,ro,6.98,67.6,39.7
280045,ro,12.86,72.4,63
280047,ro,11.26,73.51,31.9
280048,bg,12.66,73.8,14.8
280049,rm,12.56,75.88,13.9
280054,sh,21.51,85.54,14.7
280057,ro,17.02,79.55,39.7
280059,sm,17.05,76.04,6.3
280060,sm,17.32,78.25,8.2
280068,bg,21.52,68.37,10.5
280072,bb,13.56,67.03,17.8
280073,bg,13.84,69.24,14.5
280074,bg,10.67,68.7,13.8
280088,bb,11.92,81.36,22.1
280098,rm,9.35,82.55,9.1
280104,bg,3.0,67.53,11.6
280105,bg,10.25,76.72,10.4
280106,bg,4.26,84.91,8.3
280108,bg,3.58,74.05,9.7
280109,bg,11.45,75.13,5
280110,bg,11.86,78.57,5.8
280111,bg,3.55,77.84,7.6
280112,rm,8.38,79.63,5.6
280114,bg,9.63,68.55,3.5
280116,bg,12.86,80.5,4.5
280117,rm,12.66,75.62,3.6
290001,ro,25.91,83.84,42.2
290008,rm,24.95,69.52,32.8
290040,ro,28.98,67.6,39.7
290045,ro,34.86,72.4,63
290047,ro,33.26,73.51,31.9
290048,bg,34.66,73.8,14.8
290049,rm,34.56,75.88,13.9
290054,sh,43.51,85.54,14.7
290057,ro,39.02,79.55,39.7
290059,sm,39.05,76.04,6.3
290060,sm,39.32,78.25,8.2
290068,bg,43.52,68.37,10.5
290072,bb,35.56,67.03,17.8
290073,bg,35.84,69.24,14.5
290074,bg,32.67,68.7,13.8
290088,bb,33.92,81.36,22.1
290098,rm,31.35,82.55,9.1
290104,bg,25.0,67.53,11.6
290105,bg,32.25,76.72,10.4
290106,bg,26.26,84.91,8.3
290108,bg,25.58,74.05,9.7
290109,bg,33.45,75.13,5
290110,bg,33.86,78.57,5.8
290111,bg,25.55,77.84,7.6
290112,rm,30.38,79.63,5.6
290114,bg,31.63,68.55,3.5
290116,bg,34.86,80.5,4.5
290117,rm,34.66,75.62,3.6
300001,ro,47.91,83.84,42.2
300008,rm,46.95,69.52,32.8
300040,ro,50.98,67.6,39.7
300045,ro,56.86,72.4,63
300047,ro,55.26,73.51,31.9
300048,bg,56.66,73.8,14.8
300049,rm,56.56,75.88,13.9
300054,sh,65.51,85.54,14.7
300057,ro,61.02,79.55,39.7
300059,sm,61.05,76.04,6.3
300060,sm,61.32,78.25,8.2
300068,bg,65.52,68.37,10.5
300072,bb,57.56,67.03,17.8
300073,bg,57.84,69.24,14.5
300074,bg,54.67,68.7,13.8
300088,bb,55.92,81.36,22.1
300098,rm,53.35,82.55,9.1
300104,bg,47.0,67.53,11.6
300105,bg,54.25,76.72,10.4
300106,bg,48.26,84.91,8.3
300108,bg,47.58,74.05,9.7
300109,bg,55.45,75.13,5
300110,bg,55.86,78.57,5.8
300111,bg,47.55,77.84,7.6
300112,rm,52.38,79.63,5.6
300114,bg,53.63,68.55,3.5
300116,bg,56.86,80.5,4.5
300117,rm,56.66,75.62,3.6
310001,ro,69.91,83.84,42.2
310008,rm,68.95,69.52,32.8
310040,ro,72.98,67.6,39.7
310045,ro,78.86,72.4,63
310047,ro,77.26,73.51,31.9
310048,bg,78.66,73.8,14.8
310049,rm,78.56,75.88,13.9
310054,sh,87.51,85.54,14.7
310057,ro,83.02,79.55,39.7
310059,sm,83.05,76.04,6.3
310060,sm,83.32,78.25,8.2
310068,bg,87.52,68.37,10.5
310072,bb,79.56,67.03,17.8
310073,bg,79.84,69.24,14.5
310074,bg,76.67,68.7,13.8
310088,bb,77.92,81.36,22.1
310098,rm,75.35,82.55,9.1
310104,bg,69.0,67.53,11.6
310105,bg,76.25,76.72,10.4
310106,bg,70.26,84.91,8.3
310108,bg,69.58,74.05,9.7
310109,bg,77.45,75.13,5
310110,bg,77.86,78.57,5.8
310111,bg,69.55,77.84,7.6
310112,rm,74.38,79.63,5.6
310114,bg,75.63,68.55,3.5
310116,bg,78.86,80.5,4.5
310117,rm,78.66,75.62,3.6
320001,ro,91.91,83.84,42.2
320008,rm,90.95,69.52,32.8
320040,ro,94.98,67.6,39.7
320045,ro,100.86,72.4,63
320047,ro,99.26,73.51,31.9
320048,bg,100.66,73.8,14.8
320049,rm,100.56,75.88,13.9
320054,sh,109.51,85.54,14.7
320057,ro,105.02,79.55,39.7
320059,sm,105.05,76.04,6.3
320060,sm,105.32,78.25,8.2
320068,bg,109.52,68.37,10.5
320072,bb,101.56,67.03,17.8
320073,bg,101.84,69.24,14.5
320074,bg,98.67,68.7,13.8
320088,bb,99.92,81.36,22.1
320098,rm,97.35,82.55,9.1
320104,bg,91.0,67.53,11.6
320105,bg,98.25,76.72,10.4
320106,bg,92.26,84.91,8.3
320108,bg,91.58,74.05,9.7
320109,bg,99.45,75.13,5
320110,bg,99.86,78.57,5.8
320111,bg,91.55,77.84,7.6
320112,rm,96.38,79.63,5.6
320114,bg,97.63,68.55,3.5
320116,bg,100.86,80.5,4.5
320117,rm,100.66,75.62,3.6
330001,ro,113.91,83.84,42.2
330008,rm,112.95,69.52,32.8
330040,ro,116.98,67.6,39.7
330045,ro,122.86,72.4,63
330047,ro,121.26,73.51,31.9
330048,bg,122.66,73.8,14.8
330049,rm,122.56,75.88,13.9
330054,sh,131.51,85.54,14.7
330057,ro,127.02,79.55,39.7
330059,sm,127.05,76.04,6.3
330060,sm,127.32,78.25,8.2
330068,bg,131.52,68.37,10.5
330072,bb,123.56,67.03,17.8
330073,bg,123.84,69.24,14.5
330074,bg,120.67,68.7,13.8
330088,bb,121.92,81.36,22.1
330098,rm,119.35,82.55,9.1
330104,bg,113.0,67.53,11.6
330105,bg,120.25,76.72,10.4
330106,bg,114.26,84.91,8.3
330108,bg,113.58,74.05,9.7
330109,bg,121.45,75.13,5
330110,bg,121.86,78.57,5.8
330111,bg,113.55,77.84,7.6
330112,rm,118.38,79.63,5.6
330114,bg,119.63,68.55,3.5
330116,bg,122.86,80.5,4.5
330117,rm,122.66,75.62,3.6
340001,ro,135.91,83.84,42.2
340008,rm,134.95,69.52,32.8
340040,ro,138.98,67.6,39.7
340045,ro,144.86,72.4,63
340047,ro,143.26,73.51,31.9
340048,bg,144.66,73.8,14.8
340049,rm,144.56,75.88,13.9
340054,sh,153.51,85.54,14.7
340057,ro,149.02,79.55,39.7
340059,sm,149.05,76.04,6.3
340060,sm,149.32,78.25,8.2
340068,bg,153.52,68.37,10.5
340072,bb,145.56,67.03,17.8
340073,bg,145.84,69.24,14.5
340074,bg,142.67,68.7,13.8
340088,bb,143.92,81.36,22.1
340098,rm,141.35,82.55,9.1
340104,bg,135.0,67.53,11.6
340105,bg,142.25,76.72,10.4
340106,bg,136.26,84.91,8.3
340108,bg,135.58,74.05,9.7
340109,bg,143.45,75.13,5
340110,bg,143.86,78.57,5.8
340111,bg,135.55,77.84,7.6
340112,rm,140.38,79.63,5.6
340114,bg,141.63,68.55,3.5
340116,bg,144.86,80.5,4.5
340117,rm,144.66,75.62,3.6
350001,ro,157.91,83.84,42.2
350008,rm,156.95,69.52,32.8
350040,ro,160.98,67.6,39.7
350045,ro,166.86,72.4,63
350047,ro,165.26,73.51,31.9
350048,bg,166.66,73.8,14.8
350049,rm,166.56,75.88,13.9
350054,sh,175.51,85.54,14.7
350057,ro,171.02,79.55,39.7
350059,sm,171.05,76.04,6.3
350060,sm,171.32,78.25,8.2
350068,bg,175.52,68.37,10.5
350072,bb,167.56,67.03,17.8
350073,bg,167.84,69.24,14.5
350074,bg,164.67,68.7,13.8
350088,bb,165.92,81.36,22.1
350098,rm,163.35,82.55,9.1
350104,bg,157.0,67.53,11.6
350105,bg,164.25,76.72,10.4
350106,bg,158.26,84.91,8.3
350108,bg,157.58,74.05,9.7
350109,bg,165.45,75.13,5
350110,bg,165.86,78.57,5.8
350111,bg,157.55,77.84,7.6
350112,rm,162.38,79.63,5.6
350114,bg,163.63,68.55,3.5
350116,bg,166.86,80.5,4.5
350117,rm,166.66,75.62,3.6
360001,ro,179.91,83.84,42.2
360008,rm,178.95,69.52,32.8
360040,ro,182.98,67.6,39.7
360045,ro,188.86,72.4,63
360047,ro,187.26,73.51,31.9
360048,bg,188.66,73.8,14.8
360049,rm,188.56,75.88,13.9
360054,sh,197.51,85.54,14.7
360057,ro,193.02,79.55,39.7
360059,sm,193.05,76.04,6.3
360060,sm,193.32,78.25,8.2
360068,bg,197.52,68.37,10.5
360072,bb,189.56,67.03,17.8
360073,bg,189.84,69.24,14.5
360074,bg,186.67,68.7,13.8
360088,bb,187.92,81.36,22.1
360098,rm,185.35,82.55,9.1
360104,bg,179.0,67.53,11.6
360105,bg,186.25,76.72,10.4
360106,bg,180.26,84.91,8.3
360108,bg,179.58,74.05,9.7
360109,bg,187.45,75.13,5
360110,bg,187.86,78.57,5.8
360111,bg,179.55,77.84,7.6
360112,rm,184.38,79.63,5.6
360114,bg,185.63,68.55,3.5
360116,bg,188.86,80.5,4.5
360117,rm,188.66,75.62,3.6
370001,ro,3.91,105.84,42.2
370008,rm,2.95,91.52,32.8
370040,ro,6.98,89.6,39.7
370045,ro,12.86,94.4,63
370047,ro,11.26,95.51,31.9
370048,bg,12.66,95.8,14.8
370049,rm,12.56,97.88,13.9
370054,sh,21.51,107.54,14.7
370057,ro,17.02,101.55,39.7
370059,sm,17.05,98.04,6.3
370060,sm,17.32,100.25,8.2
370068,bg,21.52,90.37,10.5
370072,bb,13.56,89.03,17.8
370073,bg,13.84,91.24,14.5
370074,bg,10.67,90.7,13.8
370088,bb,11.92,103.36,22.1
370098,rm,9.35,104.55,9.1
370104,bg,3.0,89.53,11.6
370105,bg,10.25,98.72,10.4
370106,bg,4.26,106.91,8.3
370108,bg,3.58,96.05,9.7
370109,bg,11.45,97.13,5
370110,bg,11.86,100.57,5.8
370111,bg,3.55,99.84,7.6
370112,rm,8.38,101.63,5.6
370114,bg,9.63,90.55,3.5
370116,bg,12.86,102.5,4.5
370117,rm,12.66,97.62,3.6
380001,ro,25.91,105.84,42.2
380008,rm,24.95,91.52,32.8
380040,ro,28.98,89.6,39.7
380045,ro,34.86,94.4,63
380047,ro,33.26,95.51,31.9
380048,bg,34.66,95.8,14.8
380049,rm,34.56,97.88,13.9
380054,sh,43.51,107.54,14.7
380057,ro,39.02,101.55,39.7
380059,sm,39.05,98.04,6.3
380060,sm,39.32,100.25,8.2
380068,bg,43.52,90.37,10.5
380072,bb,35.56,89.03,17.8
380073,bg,35.84,91.24,14.5
380074,bg,32.67,90.7,13.8
380088,bb,33.92,103.36,22.1
380098,rm,31.35,104.55,9.1
380104,bg,25.0,89.53,11.6
380105,bg,32.25,98.72,10.4
380106,bg,26.26,106.91,8.3
380108,bg,25.58,96.05,9.7
380109,bg,33.45,97.13,5
380110,bg,33.86,100.57,5.8
380111,bg,25.55,99.84,7.6
380112,rm,30.38,101.63,5.6
380114,bg,31.63,90.55,3.5
380116,bg,34.86,102.5,4.5
380117,rm,34.66,97.62,3.6
390001,ro,47.91,105.84,42.2
390008,rm,46.95,91.52,32.8
390040,ro,50.98,89.6,39.7
390045,ro,56.86,94.4,63
390047,ro,55.26,95.51,31.9
390048,bg,56.66,95.8,14.8
390049,rm,56.56,97.88,13.9
390054,sh,65.51,107.54,14.7
390057,ro,61.02,101.55,39.7
390059,sm,61.05,98.04,6.3
390060,sm,61.32,100.25,8.2
390068,bg,65.52,90.37,10.5
390072,bb,57.56,89.03,17.8
390073,bg,57.84,91.24,14.5
390074,bg,54.67,90.7,13.8
390088,bb,55.92,103.36,22.1
390098,rm,53.35,104.55,9.1
390104,bg,47.0,89.53,11.6
390105,bg,54.25,98.72,10.4
390106,bg,48.26,106.91,8.3
390108,bg,47.58,96.05,9.7
390109,bg,55.45,97.13,5
390110,bg,55.86,100.57,5.8
390111,bg,47.55,99.84,7.6
390112,rm,52.38,101.63,5.6
390114,bg,53.63,90.55,3.5
390116,bg,56.86,102.5,4.5
390117,rm,56.66,97.62,3.6
400001,ro,69.91,105.84,42.2
400008,rm,68.95,91.52,32.8
400040,ro,72.98,89.6,39.7
400045,ro,78.86,94.4,63
400047,ro,77.26,95.51,31.9
400048,bg,78.66,95.8,14.8
400049,rm,78.56,97.88,13.9
400054,sh,87.51,107.54,14.7
400057,ro,83.02,101.55,39.7
400059,sm,83.05,98.04,6.3
400060,sm,83.32,100.25,8.2
400068,bg,87.52,90.37,10.5
400072,bb,79.56,89.03,17.8
400073,bg,79.84,91.24,14.5
400074,bg,76.67,90.7,13.8
400088,bb,77.92,103.36,22.1
400098,rm,75.35,104.55,9.1
400104,bg,69.0,89.53,11.6
400105,bg,76.25,98.72,10.4
400106,bg,70.26,106.91,8.3
400108,bg,69.58,96.05,9.7
400109,bg,77.45,97.13,5
400110,bg,77.86,100.57,5.8
400111,bg,69.55,99.84,7.6
400112,rm,74.38,101.63,5.6
400114,bg,75.63,90.55,3.5
400116,bg,78.86,102.5,4.5
400117,rm,78.66,97.62,3.6
410001,ro,91.91,105.84,42.2
410008,rm,90.95,91.52,32.8
410040,ro,94.98,89.6,39.7
410045,ro,100.86,94.4,63
410047,ro,99.26,95.51,31.9
410048,bg,100.66,95.8,14.8
410049,rm,100.56,97.88,13.9
410054,sh,109.51,107.54,14.7
410057,ro,105.02,101.55,39.7
410059,sm,105.05,98.04,6.3
410060,sm,105.32,100.25,8.2
410068,bg,109.52,90.37,10.5
410072,bb,101.56,89.03,17.8
410073,bg,101.84,91.24,14.5
410074,bg,98.67,90.7,13.8
410088,bb,99.92,103.36,22.1
410098,rm,97.35,104.55,9.1
410104,bg,91.0,89.53,11.6
410105,bg,98.25,98.72,10.4
410106,bg,92.26,106.91,8.3
410108,bg,91.58,96.05,9.7
410109,bg,99.45,97.13,5
410110,bg,99.86,100.57,5.8
410111,bg,91.55,99.84,7.6
410112,rm,96.38,101.63,5.6
410114,bg,97.63,90.55,3.5
410116,bg,100.86,102.5,4.5
410117,rm,100.66,97.62,3.6
420001,ro,113.91,105.84,42.2
420008,rm,112.95,91.52,32.8
420040,ro,116.98,89.6,39.7
420045,ro,122.86,94.4,63
420047,ro,121.26,95.51,31.9
420048,bg,122.66,95.8,14.8
420049,rm,122.56,97.88,13.9
420054,sh,131.51,107.54,14.7
420057,ro,127.02,101.55,39.7
420059,sm,127.05,98.04,6.3
420060,sm,127.32,100.25,8.2
420068,bg,131.52,90.37,10.5
420072,bb,123.56,89.03,17.8
420073,bg,123.84,91.24,14.5
420074,bg,120.67,90.7,13.8
420088,bb,121.92,103.36,22.1
420098,rm,119.35,104.55,9.1
420104,bg,113.0,89.53,11.6
420105,bg,120.25,98.72,10.4
420106,bg,114.26,106.91,8.3
420108,bg,113.58,96.05,9.7
420109,bg,121.45,97.13,5
420110,bg,121.86,100.57,5.8
420111,bg,113.55,99.84,7.6
420112,rm,118.38,101.63,5.6
420114,bg,119.63,90.55,3.5
420116,bg,122.86,102.5,4.5
420117,rm,122.66,97.62,3.6
430001,ro,135.91,105.84,42.2
430008,rm,134.95,91.52,32.8
430040,ro,138.98,89.6,39.7
430045,ro,144.86,94.4,63
430047,ro,143.26,95.51,31.9
430048,bg,144.66,95.8,14.8
430049,rm,144.56,97.88,13.9
430054,sh,153.51,107.54,14.7
430057,ro,149.02,101.55,39.7
430059,sm,149.05,98.04,6.3
430060,sm,149.32,100.25,8.2
430068,bg,153.52,90.37,10.5
430072,bb,145.56,89.03,17.8
430073,bg,145.84,91.24,14.5
430074,bg,142.67,90.7,13.8
430088,bb,143.92,103.36,22.1
430098,rm,141.35,104.55,9.1
430104,bg,135.0,89.53,11.6
430105,bg,142.25,98.72,10.4
430106,bg,136.26,106.91,8.3
430108,bg,135.58,96.05,9.7
430109,bg,143.45,97.13,5
430110,bg,143.86,100.57,5.8
430111,bg,135.55,99.84,7.6
430112,rm,140.38,101.63,5.6
430114,bg,141.63,90.55,3.5
430116,bg,144.86,102.5,4.5
430117,rm,144.66,97.62,3.6
440001,ro,157.91,105.84,42.2
440008,rm,156.95,91.52,32.8
440040,ro,160.98,89.6,39.7
440045,ro,166.86,94.4,63
440047,ro,165.26,95.51,31.9
440048,bg,166.66,95.8,14.8
440049,rm,166.56,97.88,13.9
440054,sh,175.51,107.54,14.7
440057,ro,171.02,101.55,39.7
440059,sm,171.05,98.04,6.3
440060,sm,171.32,100.25,8.2
440068,bg,175.52,90.37,10.5
440072,bb,167.56,89.03,17.8
440073,bg,167.84,91.24,14.5
440074,bg,164.67,90.7,13.8
440088,bb,165.92,103.36,22.1
440098,rm,163.35,104.55,9.1
440104,bg,157.0,89.53,11.6
440105,bg,164.25,98.72,10.4
440106,bg,158.26,106.91,8.3
440108,bg,157.58,96.05,9.7
440109,bg,165.45,97.13,5
440110,bg,165.86,100.57,5.8
440111,bg,157.55,99.84,7.6
440112,rm,162.38,101.63,5.6
440114,bg,163.63,90.55,3.5
440116,bg,166.86,102.5,4.5
440117,rm,166.66,97.62,3.6
450001,ro,179.91,105.84,42.2
450008,rm,178.95,91.52,32.8
450040,ro,182.98,89.6,39.7
450045,ro,188.86,94.4,63
450047,ro,187.26,95.51,31.9
450048,bg,188.66,95.8,14.8
450049,rm,188.56,97.88,13.9
450054,sh,197.51,107.54,14.7
450057,ro,193.02,101.55,39.7
450059,sm,193.05,98.04,6.3
450060,sm,193.32,100.25,8.2
450068,bg,197.52,90.37,10.5
450072,bb,189.56,89.03,17.8
450073,bg,189.84,91.24,14.5
450074,bg,186.67,90.7,13.8
450088,bb,187.92,103.36,22.1
450098,rm,185.35,104.55,9.1
450104,bg,179.0,89.53,11.6
450105,bg,186.25,98.72,10.4
450106,bg,180.26,106.91,8.3
450108,bg,179.58,96.05,9.7
450109,bg,187.45,97.13,5
450110,bg,187.86,100.57,5.8
450111,bg,179.55,99.84,7.6
450112,rm,184.38,101.63,5.6
450114,bg,185.63,90.55,3.5
450116,bg,188.86,102.5,4.5
450117,rm,188.66,97.62,3.6
460001,ro,3.91,127.84,42.2
460008,rm,2.95,113.52,32.8
460040,ro,6.98,111.6,39.7
460045,ro,12.86,116.4,63
460047,ro,11.26,117.51,31.9
460048,bg,12.66,117.8,14.8
460049,rm,12.56,119.88,13.9
460054,sh,21.51,129.54,14.7
460057,ro,17.02,123.55,39.7
460059,sm,17.05,120.04,6.3
460060,sm,17.32,122.25,8.2
460068,bg,21.52,112.37,10.5
460072,bb,13.56,111.03,17.8
460073,bg,13.84,113.24,14.5
460074,bg,10.67,112.7,13.8
460088,bb,11.92,125.36,22.1
460098,rm,9.35,126.55,9.1
460104,bg,3.0,111.53,11.6
460105,bg,10.25,120.72,10.4
460106,bg,4.26,128.91,8.3
460108,bg,3.58,118.05,9.7
460109,bg,11.45,119.13,5
460110,bg,11.86,122.57,5.8
460111,bg,3.55,121.84,7.6
460112,rm,8.38,123.63,5.6
460114,bg,9.63,112.55,3.5
460116,bg,12.86,124.5,4.5
460117,rm,12.66,119.62,3.6
470001,ro,25.91,127.84,42.2
470008,rm,24.95,113.52,32.8
470040,ro,28.98,111.6,39.7
470045,ro,34.86,116.4,63
470047,ro,33.26,117.51,31.9
470048,bg,34.66,117.8,14.8
470049,rm,34.56,119.88,13.9
470054,sh,43.51,129.54,14.7
470057,ro,39.02,123.55,39.7
470059,sm,39.05,120.04,6.3
470060,sm,39.32,122.25,8.2
470068,bg,43.52,112.37,10.5
470072,bb,35.56,111.03,17.8
470073,bg,35.84,113.24,14.5
470074,bg,32.67,112.7,13.8
470088,bb,33.92,125.36,22.1
470098,rm,31.35,126.55,9.1
470104,bg,25.0,111.53,11.6
470105,bg,32.25,120.72,10.4
470106,bg,26.26,128.91,8.3
470108,bg,25.58,118.05,9.7
470109,bg,33.45,119.13,5
470110,bg,33.86,122.57,5.8
470111,bg,25.55,121.84,7.6
470112,rm,30.38,123.63,5.6
470114,bg,31.63,112.55,3.5
470116,bg,34.86,124.5,4.5
470117,rm,34.66,119.62,3.6
480001,ro,47.91,127.84,42.2
480008,rm,46.95,113.52,32.8
480040,ro,50.98,111.6,39.7
480045,ro,56.86,116.4,63
480047,ro,55.26,117.51,31.9
480048,bg,56.66,117.8,14.8
480049,rm,56.56,119.88,13.9
480054,sh,65.51,129.54,14.7
480057,ro,61.02,123.55,39.7
480059,sm,61.05,120.04,6.3
480060,sm,61.32,122.25,8.2
480068,bg,65.52,112.37,10.5
480072,bb,57.56,111.03,17.8
480073,bg,57.84,113.24,14.5
480074,bg,54.67,112.7,13.8
480088,bb,55.92,125.36,22.1
480098,rm,53.35,126.55,9.1
480104,bg,47.0,111.53,11.6
480105,bg,54.25,120.72,10.4
480106,bg,48.26,128.91,8.3
480108,bg,47.58,118.05,9.7
480109,bg,55.45,119.13,5
480110,bg,55.86,122.57,5.8
480111,bg,47.55,121.84,7.6
480112,rm,52.38,123.63,5.6
480114,bg,53.63,112.55,3.5
480116,bg,56.86,124.5,4.5
480117,rm,56.66,119.62,3.6
490001,ro,69.91,127.84,42.2
490008,rm,68.95,113.52,32.8
490040,ro,72.98,111.6,39.7
490045,ro,78.86,116.4,63
490047,ro,77.26,117.51,31.9
490048,bg,78.66,117.8,14.8
490049,rm,78.56,119.88,13.9
490054,sh,87.51,129.54,14.7
490057,ro,83.02,123.55,39.7
490059,sm,83.05,120.04,6.3
490060,sm,83.32,122.25,8.2
490068,bg,87.52,112.37,10.5
490072,bb,79.56,111.03,17.8
490073,bg,79.84,113.24,14.5
490074,bg,76.67,112.7,13.8
490088,bb,77.92,125.36,22.1
490098,rm,75.35,126.55,9.1
490104,bg,69.0,111.53,11.6
490105,bg,76.25,120.72,10.4
490106,bg,70.26,128.91,8.3
490108,bg,69.58,118.05,9.7
490109,bg,77.45,119.13,5
490110,bg,77.86,122.57,5.8
490111,bg,69.55,121.84,7.6
490112,rm,74.38,123.63,5.6
490114,bg,75.63,112.55,3.5
490116,bg,78.86,124.5,4.5
490117,rm,78.66,119.62,3.6
500001,ro,91.91,127.84,42.2
500008,rm,90.95,113.52,32.8
500040,ro,94.98,111.6,39.7
500045,ro,100.86,116.4,63
500047,ro,99.26,117.51,31.9
500048,bg,100.66,117.8,14.8
500049,rm,100.56,119.88,13.9
500054,sh,109.51,129.54,14.7
500057,ro,105.02,123.55,39.7
500059,sm,105.05,120.04,6.3
500060,sm,105.32,122.25,8.2
500068,bg,109.52,112.37,10.5
500072,bb,101.56,111.03,17.8
500073,bg,101.84,113.24,14.5
500074,bg,98.67,112.7,13.8
500088,bb,99.92,125.36,22.1
500098,rm,97.35,126.55,9.1
500104,bg,91.0,111.53,11.6
500105,bg,98.25,120.72,10.4
500106,bg,92.26,128.91,8.3
500108,bg,91.58,118.05,9.7
500109,bg,99.45,119.13,5
500110,bg,99.86,122.57,5.8
500111,bg,91.55,121.84,7.6
500112,rm,96.38,123.63,5.6
500114,bg,97.63,112.55,3.5
500116,bg,100.86,124.5,4.5
500117,rm,100.66,119.62,3.6
510001,ro,113.91,127.84,42.2
510008,rm,112.95,113.52,32.8
510040,ro,116.98,111.6,39.7
510045,ro,122.86,116.4,63
510047,ro,121.26,117.51,31.9
510048,bg,122.66,117.8,14.8
510049,rm,122.56,119.88,13.9
510054,sh,131.51,129.54,14.7
510057,ro,127.02,123.55,39.7
510059,sm,127.05,120.04,6.3
510060,sm,127.32,122.25,8.2
510068,bg,131.52,112.37,10.5
510072,bb,123.56,111.03,17.8
510073,bg,123.84,113.24,14.5
510074,bg,120.67,112.7,13.8
510088,bb,121.92,125.36,22.1
510098,rm,119.35,126.55,9.1
510104,bg,113.0,111.53,11.6
510105,bg,120.25,120.72,10.4
510106,bg,114.26,128.91,8.3
510108,bg,113.58,118.05,9.7
510109,bg,121.45,119.13,5
510110,bg,121.86,122.57,5.8
510111,bg,113.55,121.84,7.6
510112,rm,118.38,123.63,5.6
510114,bg,119.63,112.55,3.5
510116,bg,122.86,124.5,4.5
510117,rm,122.66,119.62,3.6
520001,ro,135.91,127.84,42.2
520008,rm,134.95,113.52,32.8
520040,ro,138.98,111.6,39.7
520045,ro,144.86,116.4,63
520047,ro,143.26,117.51,31.9
520048,bg,144.66,117.8,14.8
520049,rm,144.56,119.88,13.9
520054,sh,153.51,129.54,14.7
520057,ro,149.02,123.55,39.7
520059,sm,149.05,120.04,6.3
520060,sm,149.32,122.25,8.2
520068,bg,153.52,112.37,10.5
520072,bb,145.56,111.03,17.8
520073,bg,145.84,113.24,14.5
520074,bg,142.67,112.7,13.8
520088,bb,143.92,125.36,22.1
520098,rm,141.35,126.55,9.1
520104,bg,135.0,111.53,11.6
520105,bg,142.25,120.72,10.4
520106,bg,136.26,128.91,8.3
520108,bg,135.58,118.05,9.7
520109,bg,143.45,119.13,5
520110,bg,143.86,122.57,5.8
520111,bg,135.55,121.84,7.6
520112,rm,140.38,123.63,5.6
520114,bg,141.63,112.55,3.5
520116,bg,144.86,124.5,4.5
520117,rm,144.66,119.62,3.6
530001,ro,157.91,127.84,42.2
530008,rm,156.95,113.52,32.8
530040,ro,160.98,111.6,39.7
530045,ro,166.86,116.4,63
530047,ro,165.26,117.51,31.9
530048,bg,166.66,117.8,14.8
530049,rm,166.56,119.88,13.9
530054,sh,175.51,129.54,14.7
530057,ro,171.02,123.55,39.7
530059,sm,171.05,120.04,6.3
530060,sm,171.32,122.25,8.2
530068,bg,175.52,112.37,10.5
530072,bb,167.56,111.03,17.8
530073,bg,167.84,113.24,14.5
530074,bg,164.67,112.7,13.8
530088,bb,165.92,125.36,22.1
530098,rm,163.35,126.55,9.1
530104,bg,157.0,111.53,11.6
530105,bg,164.25,120.72,10.4
530106,bg,158.26,128.91,8.3
530108,bg,157.58,118.05,9.7
530109,bg,165.45,119.13,5
530110,bg,165.86,122.57,5.8
530111,bg,157.55,121.84,7.6
530112,rm,162.38,123.63,5.6
530114,bg,163.63,112.55,3.5
530116,bg,166.86,124.5,4.5
530117,rm,166.66,119.62,3.6
540001,ro,179.91,127.84,42.2
540008,rm,178.95,113.52,32.8
540040,ro,182.98,111.6,39.7
540045,ro,188.86,116.4,63
540047,ro,187.26,117.51,31.9
540048,bg,188.66,117.8,14.8
540049,rm,188.56,119.88,13.9
540054,sh,197.51,129.54,14.7
540057,ro,193.02,123.55,39.7
540059,sm,193.05,120.04,6.3
540060,sm,193.32,122.25,8.2
540068,bg,197.52,112.37,10.5
540072,bb,189.56,111.03,17.8
540073,bg,189.84,113.24,14.5
540074,bg,186.67,112.7,13.8
540088,bb,187.92,125.36,22.1
540098,rm,185.35,126.55,9.1
540104,bg,179.0,111.53,11.6
540105,bg,186.25,120.72,10.4
540106,bg,180.26,128.91,8.3
540108,bg,179.58,118.05,9.7
540109,bg,187.45,119.13,5
540110,bg,187.86,122.57,5.8
540111,bg,179.55,121.84,7.6
540112,rm,184.38,123.63,5.6
540114,bg,185.63,112.55,3.5
540116,bg,188.86,124.5,4.5
540117,rm,188.66,119.62,3.6
550001,ro,3.91,149.84,42.2
550008,rm,2.95,135.52,32.8
550040,ro,6.98,133.6,39.7
550045,ro,12.86,138.4,63
550047,ro,11.26,139.51,31.9
550048,bg,12.66,139.8,14.8
550049,rm,12.56,141.88,13.9
550054,sh,21.51,151.54,14.7
550057,ro,17.02,145.55,39.7
550059,sm,17.05,142.04,6.3
550060,sm,17.32,144.25,8.2
550068,bg,21.52,134.37,10.5
550072,bb,13.56,133.03,17.8
550073,bg,13.84,135.24,14.5
550074,bg,10.67,134.7,13.8
550088,bb,11.92,147.36,22.1
550098,rm,9.35,148.55,9.1
550104,bg,3.0,133.53,11.6
550105,bg,10.25,142.72,10.4
550106,bg,4.26,150.91,8.3
550108,bg,3.58,140.05,9.7
550109,bg,11.45,141.13,5
550110,bg,11.86,144.57,5.8
550111,bg,3.55,143.84,7.6
550112,rm,8.38,145.63,5.6
550114,bg,9.63,134.55,3.5
550116,bg,12.86,146.5,4.5
550117,rm,12.66,141.62,3.6
560001,ro,25.91,149.84,42.2
560008,rm,24.95,135.52,32.8
560040,ro,28.98,133.6,39.7
560045,ro,34.86,138.4,63
560047,ro,33.26,139.51,31.9
560048,bg,34.66,139.8,14.8
560049,rm,34.56,141.88,13.9
560054,sh,43.51,151.54,14.7
560057,ro,39.02,145.55,39.7
560059,sm,39.05,142.04,6.3
560060,sm,39.32,144.25,8.2
560068,bg,43.52,134.37,10.5
560072,bb,35.56,133.03,17.8
560073,bg,35.84,135.24,14.5
560074,bg,32.67,134.7,13.8
560088,bb,33.92,147.36,22.1
560098,rm,31.35,148.55,9.1
560104,bg,25.0,133.53,11.6
560105,bg,32.25,142.72,10.4
560106,bg,26.26,150.91,8.3
560108,bg,25.58,140.05,9.7
560109,bg,33.45,141.13,5
560110,bg,33.86,144.57,5.8
560111,bg,25.55,143.84,7.6
560112,rm,30.38,145.63,5.6
560114,bg,31.63,134.55,3.5
560116,bg,34.86,146.5,4.5
560117,rm,34.66,141.62,3.6
570001,ro,47.91,149.84,42.2
570008,rm,46.95,135.52,32.8
570040,ro,50.98,133.6,39.7
570045,ro,56.86,138.4,63
570047,ro,55.26,139.51,31.9
570048,bg,56.66,139.8,14.8
570049,rm,56.56,141.88,13.9
570054,sh,65.51,151.54,14.7
570057,ro,61.02,145.55,39.7
570059,sm,61.05,142.04,6.3
570060,sm,61.32,144.25,8.2
570068,bg,65.52,134.37,10.5
570072,bb,57.56,133.03,17.8
570073,bg,57.84,135.24,14.5
570074,bg,54.67,134.7,13.8
570088,bb,55.92,147.36,22.1
570098,rm,53.35,148.55,9.1
570104,bg,47.0,133.53,11.6
570105,bg,54.25,142.72,10.4
570106,bg,48.26,150.91,8.3
570108,bg,47.58,140.05,9.7
570109,bg,55.45,141.13,5
570110,bg,55.86,144.57,5.8
570111,bg,47.55,143.84,7.6
570112,rm,52.38,145.63,5.6
570114,bg,53.63,134.55,3.5
570116,bg,56.86,146.5,4.5
570117,rm,56.66,141.62,3.6
580001,ro,69.91,149.84,42.2
580008,rm,68.95,135.52,32.8
580040,ro,72.98,133.6,39.7
580045,ro,78.86,138.4,63
580047,ro,77.26,139.51,31.9
580048,bg,78.66,139.8,14.8
580049,rm,78.56,141.88,13.9
580054,sh,87.51,151.54,14.7
580057,ro,83.02,145.55,39.7
580059,sm,83.05,142.04,6.3
580060,sm,83.32,144.25,8.2
580068,bg,87.52,134.37,10.5
580072,bb,79.56,133.03,17.8
580073,bg,79.84,135.24,14.5
580074,bg,76.67,134.7,13.8
580088,bb,77.92,147.36,22.1
580098,rm,75.35,148.55,9.1
580104,bg,69.0,133.53,11.6
580105,bg,76.25,142.72,10.4
580106,bg,70.26,150.91,8.3
580108,bg,69.58,140.05,9.7
580109,bg,77.45,141.13,5
580110,bg,77.86,144.57,5.8
580111,bg,69.55,143.84,7.6
580112,rm,74.38,145.63,5.6
580114,bg,75.63,134.55,3.5
580116,bg,78.86,146.5,4.5
580117,rm,78.66,141.62,3.6
590001,ro,91.91,149.84,42.2
590008,rm,90.95,135.52,32.8
590040,ro,94.98,133.6,39.7
590045,ro,100.86,138.4,63
590047,ro,99.26,139.51,31.9
590048,bg,100.66,139.8,14.8
590049,rm,100.56,141.88,13.9
590054,sh,109.51,151.54,14.7
590057,ro,105.02,145.55,39.7
590059,sm,105.05,142.04,6.3
590060,sm,105.32,144.25,8.2
590068,bg,109.52,134.37,10.5
590072,bb,101.56,133.03,17.8
590073,bg,101.84,135.24,14.5
590074,bg,98.67,134.7,13.8
590088,bb,99.92,147.36,22.1
590098,rm,97.35,148.55,9.1
590104,bg,91.0,133.53,11.6
590105,bg,98.25,142.72,10.4
590106,bg,92.26,150.91,8.3
590108,bg,91.58,140.05,9.7
590109,bg,99.45,141.13,5
590110,bg,99.86,144.57,5.8
590111,bg,91.55,143.84,7.6
590112,rm,96.38,145.63,5.6
590114,bg,97.63,134.55,3.5
590116,bg,100.86,146.5,4.5
590117,rm,100.66,141.62,3.6
600001,ro,113.91,149.84,42.2
600008,rm,112.95,135.52,32.8
600040,ro,116.98,133.6,39.7
600045,ro,122.86,138.4,63
600047,ro,121.26,139.51,31.9
600048,bg,122.66,139.8,14.8
600049,rm,122.56,141.88,13.9
600054,sh,131.51,151.54,14.7
600057,ro,127.02,145.55,39.7
600059,sm,127.05,142.04,6.3
600060,sm,127.32,144.25,8.2
600068,bg,131.52,134.37,10.5
600072,bb,123.56,133.03,17.8
600073,bg,123.84,135.24,14.5
600074,bg,120.67,134.7,13.8
600088,bb,121.92,147.36,22.1
600098,rm,119.35,148.55,9.1
600104,bg,113.0,133.53,11.6
600105,bg,120.25,142.72,10.4
600106,bg,114.26,150.91,8.3
600108,bg,113.58,140.05,9.7
600109,bg,121.45,141.13,5
600110,bg,121.86,144.57,5.8
600111,bg,113.55,143.84,7.6
600112,rm,118.38,145.63,5.6
600114,bg,119.63,134.55,3.5
600116,bg,122.86,146.5,4.5
600117,rm,122.66,141.62,3.6
610001,ro,135.91,149.84,42.2
610008,rm,134.95,135.52,32.8
610040,ro,138.98,133.6,39.7
610045,ro,144.86,138.4,63
610047,ro,143.26,139.51,31.9
610048,bg,144.66,139.8,14.8
610049,rm,144.56,141.88,13.9
610054,sh,153.51,151.54,14.7
610057,ro,149.02,145.55,39.7
610059,sm,149.05,142.04,6.3
610060,sm,149.32,144.25,8.2
610068,bg,153.52,134.37,10.5
610072,bb,145.56,133.03,17.8
610073,bg,145.84,135.24,14.5
610074,bg,142.67,134.7,13.8
610088,bb,143.92,147.36,22.1
610098,rm,141.35,148.55,9.1
610104,bg,135.0,133.53,11.6
610105,bg,142.25,142.72,10.4
610106,bg,136.26,150.91,8.3
610108,bg,135.58,140.05,9.7
610109,bg,143.45,141.13,5
610110,bg,143.86,144.57,5.8
610111,bg,135.55,143.84,7.6
610112,rm,140.38,145.63,5.6
610114,bg,141.63,134.55,3.5
610116,bg,144.86,146.5,4.5
610117,rm,144.66,141.62,3.6
620001,ro,157.91,149.84,42.2
620008,rm,156.95,135.52,32.8
620040,ro,160.98,133.6,39.7
620045,ro,166.86,138.4,63
620047,ro,165.26,139.51,31.9
620048,bg,166.66,139.8,14.8
620049,rm,166.56,141.88,13.9
620054,sh,175.51,151.54,14.7
620057,ro,171.02,145.55,39.7
620059,sm,171.05,142.04,6.3
620060,sm,171.32,144.25,8.2
620068,bg,175.52,134.37,10.5
620072,bb,167.56,133.03,17.8
620073,bg,167.84,135.24,14.5
620074,bg,164.67,134.7,13.8
620088,bb,165.92,147.36,22.1
620098,rm,163.35,148.55,9.1
620104,bg,157.0,133.53,11.6
620105,bg,164.25,142.72,10.4
620106,bg,158.26,150.91,8.3
620108,bg,157.58,140.05,9.7
620109,bg,165.45,141.13,5
620110,bg,165.86,144.57,5.8
620111,bg,157.55,143.84,7.6
620112,rm,162.38,145.63,5.6
620114,bg,163.63,134.55,3.5
620116,bg,166.86,146.5,4.5
620117,rm,166.66,141.62,3.6
630001,ro,179.91,149.84,42.2
630008,rm,178.95,135.52,32.8
630040,ro,182.98,133.6,39.7
630045,ro,188.86,138.4,63
630047,ro,187.26,139.51,31.9
630048,bg,188.66,139.8,14.8
630049,rm,188.56,141.88,13.9
630054,sh,197.51,151.54,14.7
630057,ro,193.02,145.55,39.7
630059,sm,193.05,142.04,6.3
630060,sm,193.32,144.25,8.2
630068,bg,197.52,134.37,10.5
630072,bb,189.56,133.03,17.8
630073,bg,189.84,135.24,14.5
630074,bg,186.67,134.7,13.8
630088,bb,187.92,147.36,22.1
630098,rm,185.35,148.55,9.1
630104,bg,179.0,133.53,11.6
630105,bg,186.25,142.72,10.4
630106,bg,180.26,150.91,8.3
630108,bg,179.58,140.05,9.7
630109,bg,187.45,141.13,5
630110,bg,187.86,144.57,5.8
630111,bg,179.55,143.84,7.6
630112,rm,184.38,145.63,5.6
630114,bg,185.63,134.55,3.5
630116,bg,188.86,146.5,4.5
630117,rm,188.66,141.62,3.6
640001,ro,3.91,171.84,42.2
640008,rm,2.95,157.52,32.8
640040,ro,6.98,155.6,39.7
640045,ro,12.86,160.4,63
640047,ro,11.26,161.51,31.9
640048,bg,12.66,161.8,14.8
640049,rm,12.56,163.88,13.9
640054,sh,21.51,173.54,14.7
640057,ro,17.02,167.55,39.7
640059,sm,17.05,164.04,6.3
640060,sm,17.32,166.25,8.2
640068,bg,21.52,156.37,10.5
640072,bb,13.56,155.03,17.8
640073,bg,13.84,157.24,14.5
640074,bg,10.67,156.7,13.8
640088,bb,11.92,169.36,22.1
640098,rm,9.35,170.55,9.1
640104,bg,3.0,155.53,11.6
640105,bg,10.25,164.72,10.4
640106,bg,4.26,172.91,8.3
640108,bg,3.58,162.05,9.7
640109,bg,11.45,163.13,5
640110,bg,11.86,166.57,5.8
640111,bg,3.55,165.84,7.6
640112,rm,8.38,167.63,5.6
640114,bg,9.63,156.55,3.5
640116,bg,12.86,168.5,4.5
640117,rm,12.66,163.62,3.6
650001,ro,25.91,171.84,42.2
650008,rm,24.95,157.52,32.8
650040,ro,28.98,155.6,39.7
650045,ro,34.86,160.4,63
650047,ro,33.26,161.51,31.9
650048,bg,34.66,161.8,14.8
650049,rm,34.56,163.88,13.9
650054,sh,43.51,173.54,14.7
650057,ro,39.02,167.55,39.7
650059,sm,39.05,164.04,6.3
650060,sm,39.32,166.25,8.2
650068,bg,43.52,156.37,10.5
650072,bb,35.56,155.03,17.8
650073,bg,35.84,157.24,14.5
650074,bg,32.67,156.7,13.8
650088,bb,33.92,169.36,22.1
650098,rm,31.35,170.55,9.1
650104,bg,25.0,155.53,11.6
650105,bg,32.25,164.72,10.4
650106,bg,26.26,172.91,8.3
650108,bg,25.58,162.05,9.7
650109,bg,33.45,163.13,5
650110,bg,33.86,166.57,5.8
650111,bg,25.55,165.84,7.6
650112,rm,30.38,167.63,5.6
650114,bg,31.63,156.55,3.5
650116,bg,34.86,168.5,4.5
650117,rm,34.66,163.62,3.6
660001,ro,47.91,171.84,42.2
660008,rm,46.95,157.52,32.8
660040,ro,50.98,155.6,39.7
660045,ro,56.86,160.4,63
660047,ro,55.26,161.51,31.9
660048,bg,56.66,161.8,14.8
660049,rm,56.56,163.88,13.9
660054,sh,65.51,173.54,14.7
660057,ro,61.02,167.55,39.7
660059,sm,61.05,164.04,6.3
660060,sm,61.32,166.25,8.2
660068,bg,65.52,156.37,10.5
660072,bb,57.56,155.03,17.8
660073,bg,57.84,157.24,14.5
660074,bg,54.67,156.7,13.8
660088,bb,55.92,169.36,22.1
660098,rm,53.35,170.55,9.1
660104,bg,47.0,155.53,11.6
660105,bg,54.25,164.72,10.4
660106,bg,48.26,172.91,8.3
660108,bg,47.58,162.05,9.7
660109,bg,55.45,163.13,5
660110,bg,55.86,166.57,5.8
660111,bg,47.55,165.84,7.6
660112,rm,52.38,167.63,5.6
660114,bg,53.63,156.55,3.5
660116,bg,56.86,168.5,4.5
660117,rm,56.66,163.62,3.6
670001,ro,69.91,171.84,42.2
670008,rm,68.95,157.52,32.8
670040,ro,72.98,155.6,39.7
670045,ro,78.86,160.4,63
670047,ro,77.26,161.51,31.9
670048,bg,78.66,161.8,14.8
670049,rm,78.56,163.88,13.9
670054,sh,87.51,173.54,14.7
670057,ro,83.02,167.55,39.7
670059,sm,83.05,164.04,6.3
670060,sm,83.32,166.25,8.2
670068,bg,87.52,156.37,10.5
670072,bb,79.56,155.03,17.8
670073,bg,79.84,157.24,14.5
670074,bg,76.67,156.7,13.8
670088,bb,77.92,169.36,22.1
670098,rm,75.35,170.55,9.1
670104,bg,69.0,155.53,11.6
670105,bg,76.25,164.72,10.4
670106,bg,70.26,172.91,8.3
670108,bg,69.58,162.05,9.7
670109,bg,77.45,163.13,5
670110,bg,77.86,166.57,5.8
670111,bg,69.55,165.84,7.6
670112,rm,74.38,167.63,5.6
670114,bg,75.63,156.55,3.5
670116,bg,78.86,168.5,4.5
670117,rm,78.66,163.62,3.6
680001,ro,91.91,171.84,42.2
680008,rm,90.95,157.52,32.8
680040,ro,94.98,155.6,39.7
680045,ro,100.86,160.4,63
680047,ro,99.26,161.51,31.9
680048,bg,100.66,161.8,14.8
680049,rm,100.56,163.88,13.9
680054,sh,109.51,173.54,14.7
680057,ro,105.02,167.55,39.7
680059,sm,105.05,164.04,6.3
680060,sm,105.32,166.25,8.2
680068,bg,109.52,156.37,10.5
680072,bb,101.56,155.03,17.8
680073,bg,101.84,157.24,14.5
680074,bg,98.67,156.7,13.8
680088,bb,99.92,169.36,22.1
680098,rm,97.35,170.55,9.1
680104,bg,91.0,155.53,11.6
680105,bg,98.25,164.72,10.4
680106,bg,92.26,172.91,8.3
680108,bg,91.58,162.05,9.7
680109,bg,99.45,163.13,5
680110,bg,99.86,166.57,5.8
680111,bg,91.55,165.84,7.6
680112,rm,96.38,167.63,5.6
680114,bg,97.63,156.55,3.5
680116,bg,100.86,168.5,4.5
680117,rm,100.66,163.62,3.6
690001,ro,113.91,171.84,42.2
690008,rm,112.95,157.52,32.8
690040,ro,116.98,155.6,39.7
690045,ro,122.86,160.4,63
690047,ro,121.26,161.51,31.9
690048,bg,122.66,161.8,14.8
690049,rm,122.56,163.88,13.9
690054,sh,131.51,173.54,14.7
690057,ro,127.02,167.55,39.7
690059,sm,127.05,164.04,6.3
690060,sm,127.32,166.25,8.2
690068,bg,131.52,156.37,10.5
690072,bb,123.56,155.03,17.8
690073,bg,123.84,157.24,14.5
690074,bg,120.67,156.7,13.8
690088,bb,121.92,169.36,22.1
690098,rm,119.35,170.55,9.1
690104,bg,113.0,155.53,11.6
690105,bg,120.25,164.72,10.4
690106,bg,114.26,172.91,8.3
690108,bg,113.58,162.05,9.7
690109,bg,121.45,163.13,5
690110,bg,121.86,166.57,5.8
690111,bg,113.55,165.84,7.6
690112,rm,118.38,167.63,5.6
690114,bg,119.63,156.55,3.5
690116,bg,122.86,168.5,4.5
690117,rm,122.66,163.62,3.6
700001,ro,135.91,171.84,42.2
700008,rm,134.95,157.52,32.8
700040,ro,138.98,155.6,39.7
700045,ro,144.86,160.4,63
700047,ro,143.26,161.51,31.9
700048,bg,144.66,161.8,14.8
700049,rm,144.56,163.88,13.9
700054,sh,153.51,173.54,14.7
700057,ro,149.02,167.55,39.7
700059,sm,149.05,164.04,6.3
700060,sm,149.32,166.25,8.2
700068,bg,153.52,156.37,10.5
700072,bb,145.56,155.03,17.8
700073,bg,145.84,157.24,14.5
700074,bg,142.67,156.7,13.8
700088,bb,143.92,169.36,22.1
700098,rm,141.35,170.55,9.1
700104,bg,135.0,155.53,11.6
700105,bg,142.25,164.72,10.4
700106,bg,136.26,172.91,8.3
700108,bg,135.58,162.05,9.7
700109,bg,143.45,163.13,5
700110,bg,143.86,166.57,5.8
700111,bg,135.55,165.84,7.6
700112,rm,140.38,167.63,5.6
700114,bg,141.63,156.55,3.5
700116,bg,144.86,168.5,4.5
700117,rm,144.66,163.62,3.6
710001,ro,157.91,171.84,42.2
710008,rm,156.95,157.52,32.8
710040,ro,160.98,155.6,39.7
710045,ro,166.86,160.4,63
710047,ro,165.26,161.51,31.9
710048,bg,166.66,161.8,14.8
710049,rm,166.56,163.88,13.9
710054,sh,175.51,173.54,14.7
710057,ro,171.02,167.55,39.7
710059,sm,171.05,164.04,6.3
710060,sm,171.32,166.25,8.2
710068,bg,175.52,156.37,10.5
710072,bb,167.56,155.03,17.8
710073,bg,167.84,157.24,14.5
710074,bg,164.67,156.7,13.8
710088,bb,165.92,169.36,22.1
710098,rm,163.35,170.55,9.1
710104,bg,157.0,155.53,11.6
710105,bg,164.25,164.72,10.4
710106,bg,158.26,172.91,8.3
710108,bg,157.58,162.05,9.7
710109,bg,165.45,163.13,5
710110,bg,165.86,166.57,5.8
710111,bg,157.55,165.84,7.6
710112,rm,162.38,167.63,5.6
710114,bg,163.63,156.55,3.5
710116,bg,166.86,168.5,4.5
710117,rm,166.66,163.62,3.6
720001,ro,179.91,171.84,42.2
720008,rm,178.95,157.52,32.8
720040,ro,182.98,155.6,39.7
720045,ro,188.86,160.4,63
720047,ro,187.26,161.51,31.9
720048,bg,188.66,161.8,14.8
720049,rm,188.56,163.88,13.9
720054,sh,197.51,173.54,14.7
720057,ro,193.02,167.55,39.7
720059,sm,193.05,164.04,6.3
720060,sm,193.32,166.25,8.2
720068,bg,197.52,156.37,10.5
720072,bb,189.56,155.03,17.8
720073,bg,189.84,157.24,14.5
720074,bg,186.67,156.7,13.8
720088,bb,187.92,169.36,22.1
720098,rm,185.35,170.55,9.1
720104,bg,179.0,155.53,11.6
720105,bg,186.25,164.72,10.4
720106,bg,180.26,172.91,8.3
720108,bg,179.58,162.05,9.7
720109,bg,187.45,163.13,5
720110,bg,187.86,166.57,5.8
720111,bg,179.55,165.84,7.6
720112,rm,184.38,167.63,5.6
720114,bg,185.63,156.55,3.5
720116,bg,188.86,168.5,4.5
720117,rm,188.66,163.62,3.6
730001,ro,3.91,193.84,42.2
730008,rm,2.95,179.52,32.8
730040,ro,6.98,177.6,39.7
730045,ro,12.86,182.4,63
730047,ro,11.26,183.51,31.9
730048,bg,12.66,183.8,14.8
730049,rm,12.56,185.88,13.9
730054,sh,21.51,195.54,14.7
730057,ro,17.02,189.55,39.7
730059,sm,17.05,186.04,6.3
730060,sm,17.32,188.25,8.2
730068,bg,21.52,178.37,10.5
730072,bb,13.56,177.03,17.8
730073,bg,13.84,179.24,14.5
730074,bg,10.67,178.7,13.8
730088,bb,11.92,191.36,22.1
730098,rm,9.35,192.55,9.1
730104,bg,3.0,177.53,11.6
730105,bg,10.25,186.72,10.4
730106,bg,4.26,194.91,8.3
730108,bg,3.58,184.05,9.7
730109,bg,11.45,185.13,5
730110,bg,11.86,188.57,5.8
730111,bg,3.55,187.84,7.6
730112,rm,8.38,189.63,5.6
730114,bg,9.63,178.55,3.5
730116,bg,12.86,190.5,4.5
730117,rm,12.66,185.62,3.6
740001,ro,25.91,193.84,42.2
740008,rm,24.95,179.52,32.8
740040,ro,28.98,177.6,39.7
740045,ro,34.86,182.4,63
740047,ro,33.26,183.51,31.9
740048,bg,34.66,183.8,14.8
740049,rm,34.56,185.88,13.9
740054,sh,43.51,195.54,14.7
740057,ro,39.02,189.55,39.7
740059,sm,39.05,186.04,6.3
740060,sm,39.32,188.25,8.2
740068,bg,43.52,178.37,10.5
740072,bb,35.56,177.03,17.8
740073,bg,35.84,179.24,14.5
740074,bg,32.67,178.7,13.8
740088,bb,33.92,191.36,22.1
740098,rm,31.35,192.55,9.1
740104,bg,25.0,177.53,11.6
740105,bg,32.25,186.72,10.4
740106,bg,26.26,194.91,8.3
740108,bg,25.58,184.05,9.7
740109,bg,33.45,185.13,5
740110,bg,33.86,188.57,5.8
740111,bg,25.55,187.84,7.6
740112,rm,30.38,189.63,5.6
740114,bg,31.63,178.55,3.5
740116,bg,34.86,190.5,4.5
740117,rm,34.66,185.62,3.6
750001,ro,47.91,193.84,42.2
750008,rm,46.95,179.52,32.8
750040,ro,50.98,177.6,39.7
750045,ro,56.86,182.4,63
750047,ro,55.26,183.51,31.9
750048,bg,56.66,183.8,14.8
750049,rm,56.56,185.88,13.9
750054,sh,65.51,195.54,14.7
750057,ro,61.02,189.55,39.7
750059,sm,61.05,186.04,6.3
750060,sm,61.32,188.25,8.2
750068,bg,65.52,178.37,10.5
750072,bb,57.56,177.03,17.8
750073,bg,57.84,179.24,14.5
750074,bg,54.67,178.7,13.8
750088,bb,55.92,191.36,22.1
750098,rm,53.35,192.55,9.1
750104,bg,47.0,177.53,11.6
750105,bg,54.25,186.72,10.4
750106,bg,48.26,194.91,8.3
750108,bg,47.58,184.05,9.7
750109,bg,55.45,185.13,5
750110,bg,55.86,188.57,5.8
750111,bg,47.55,187.84,7.6
750112,rm,52.38,189.63,5.6
750114,bg,53.63,178.55,3.5
750116,bg,56.86,190.5,4.5
750117,rm,56.66,185.62,3.6
760001,ro,69.91,193.84,42.2
760008,rm,68.95,179.52,32.8
760040,ro,72.98,177.6,39.7
760045,ro,78.86,182.4,63
760047,ro,77.26,183.51,31.9
760048,bg,78.66,183.8,14.8
760049,rm,78.56,185.88,13.9
760054,sh,87.51,195.54,14.7
760057,ro,83.02,189.55,39.7
760059,sm,83.05,186.04,6.3
760060,sm,83.32,188.25,8.2
760068,bg,87.52,178.37,10.5
760072,bb,79.56,177.03,17.8
760073,bg,79.84,179.24,14.5
760074,bg,76.67,178.7,13.8
760088,bb,77.92,191.36,22.1
760098,rm,75.35,192.55,9.1
760104,bg,69.0,177.53,11.6
760105,bg,76.25,186.72,10.4
760106,bg,70.26,194.91,8.3
760108,bg,69.58,184.05,9.7
760109,bg,77.45,185.13,5
760110,bg,77.86,188.57,5.8
760111,bg,69.55,187.84,7.6
760112,rm,74.38,189.63,5.6
760114,bg,75.63,178.55,3.5
760116,bg,78.86,190.5,4.5
760117,rm,78.66,185.62,3.6
770001,ro,91.91,193.84,42.2
770008,rm,90.95,179.52,32.8
770040,ro,94.98,177.6,39.7
770045,ro,100.86,182.4,63
770047,ro,99.26,183.51,31.9
770048,bg,100.66,183.8,14.8
770049,rm,100.56,185.88,13.9
770054,sh,109.51,195.54,14.7
770057,ro,105.02,189.55,39.7
770059,sm,105.05,186.04,6.3
770060,sm,105.32,188.25,8.2
770068,bg,109.52,178.37,10.5
770072,bb,101.56,177.03,17.8
770073,bg,101.84,179.24,14.5
770074,bg,98.67,178.7,13.8
770088,bb,99.92,191.36,22.1
770098,rm,97.35,192.55,9.1
770104,bg,91.0,177.53,11.6
770105,bg,98.25,186.72,10.4
770106,bg,92.26,194.91,8.3
770108,bg,91.58,184.05,9.7
770109,bg,99.45,185.13,5
770110,bg,99.86,188.57,5.8
770111,bg,91.55,187.84,7.6
770112,rm,96.38,189.63,5.6
770114,bg,97.63,178.55,3.5
770116,bg,100.86,190.5,4.5
770117,rm,100.66,185.62,3.6
780001,ro,113.91,193.84,42.2
780008,rm,112.95,179.52,32.8
780040,ro,116.98,177.6,39.7
780045,ro,122.86,182.4,63
780047,ro,121.26,183.51,31.9
780048,bg,122.66,183.8,14.8
780049,rm,122.56,185.88,13.9
780054,sh,131.51,195.54,14.7
780057,ro,127.02,189.55,39.7
780059,sm,127.05,186.04,6.3
780060,sm,127.32,188.25,8.2
780068,bg,131.52,178.37,10.5
780072,bb,123.56,177.03,17.8
780073,bg,123.84,179.24,14.5
780074,bg,120.67,178.7,13.8
780088,bb,121.92,191.36,22.1
780098,rm,119.35,192.55,9.1
780104,bg,113.0,177.53,11.6
780105,bg,120.25,186.72,10.4
780106,bg,114.26,194.91,8.3
780108,bg,113.58,184.05,9.7
780109,bg,121.45,185.13,5
780110,bg,121.86,188.57,5.8
780111,bg,113.55,187.84,7.6
780112,rm,118.38,189.63,5.6
780114,bg,119.63,178.55,3.5
780116,bg,122.86,190.5,4.5
780117,rm,122.66,185.62,3.6
790001,ro,135.91,193.84,42.2
790008,rm,134.95,179.52,32.8
790040,ro,138.98,177.6,39.7
790045,ro,144.86,182.4,63
790047,ro,143.26,183.51,31.9
790048,bg,144.66,183.8,14.8
790049,rm,144.56,185.88,13.9
790054,sh,153.51,195.54,14.7
790057,ro,149.02,189.55,39.7
790059,sm,149.05,186.04,6.3
790060,sm,149.32,188.25,8.2
790068,bg,153.52,178.37,10.5
790072,bb,145.56,177.03,17.8
790073,bg,145.84,179.24,14.5
790074,bg,142.67,178.7,13.8
790088,bb,143.92,191.36,22.1
790098,rm,141.35,192.55,9.1
790104,bg,135.0,177.53,11.6
790105,bg,142.25,186.72,10.4
790106,bg,136.26,194.91,8.3
790108,bg,135.58,184.05,9.7
790109,bg,143.45,185.13,5
790110,bg,143.86,188.57,5.8
790111,bg,135.55,187.84,7.6
790112,rm,140.38,189.63,5.6
790114,bg,141.63,178.55,3.5
790116,bg,144.86,190.5,4.5
790117,rm,144.66,185.62,3.6
800001,ro,157.91,193.84,42.2
800008,rm,156.95,179.52,32.8
800040,ro,160.98,177.6,39.7
800045,ro,166.86,182.4,63
800047,ro,165.26,183.51,31.9
800048,bg,166.66,183.8,14.8
800049,rm,166.56,185.88,13.9
800054,sh,175.51,195.54,14.7
800057,ro,171.02,189.55,39.7
800059,sm,171.05,186.04,6.3
800060,sm,171.32,188.25,8.2
800068,bg,175.52,178.37,10.5
800072,bb,167.56,177.03,17.8
800073,bg,167.84,179.24,14.5
800074,bg,164.67,178.7,13.8
800088,bb,165.92,191.36,22.1
800098,rm,163.35,192.55,9.1
800104,bg,157.0,177.53,11.6
800105,bg,164.25,186.72,10.4
800106,bg,158.26,194.91,8.3
800108,bg,157.58,184.05,9.7
800109,bg,165.45,185.13,5
800110,bg,165.86,188.57,5.8
800111,bg,157.55,187.84,7.6
800112,rm,162.38,189.63,5.6
800114,bg,163.63,178.55,3.5
800116,bg,166.86,190.5,4.5
800117,rm,166.66,185.62,3.6
810001,ro,179.91,193.84,42.2
810008,rm,178.95,179.52,32.8
810040,ro,182.98,177.6,39.7
810045,ro,188.86,182.4,63
810047,ro,187.26,183.51,31.9
810048,bg,188.66,183.8,14.8
810049,rm,188.56,185.88,13.9
810054,sh,197.51,195.54,14.7
810057,ro,193.02,189.55,39.7
810059,sm,193.05,186.04,6.3
810060,sm,193.32,188.25,8.2
810068,bg,197.52,178.37,10.5
810072,bb,189.56,177.03,17.8
810073,bg,189.84,179.24,14.5
810074,bg,186.67,178.7,13.8
810088,bb,187.92,191.36,22.1
810098,rm,185.35,192.55,9.1
810104,bg,179.0,177.53,11.6
810105,bg,186.25,186.72,10.4
810106,bg,180.26,194.91,8.3
810108,bg,179.58,184.05,9.7
810109,bg,187.45,185.13,5
810110,bg,187.86,188.57,5.8
810111,bg,179.55,187.84,7.6
810112,rm,184.38,189.63,5.6
810114,bg,185.63,178.55,3.5
810116,bg,188.86,190.5,4.5
810117,rm,188.66,185.62,3.6
